{
    "name": "root",
    "gauges": {
        "TagAgent.Policy.Entropy.mean": {
            "value": 0.699882984161377,
            "min": 0.028836635872721672,
            "max": 1.9653489589691162,
            "count": 46200
        },
        "TagAgent.Policy.Entropy.sum": {
            "value": 13773.697265625,
            "min": 604.4158935546875,
            "max": 38678.06640625,
            "count": 46200
        },
        "TagAgent.Step.mean": {
            "value": 499319957.0,
            "min": 37329955.0,
            "max": 499319957.0,
            "count": 46200
        },
        "TagAgent.Step.sum": {
            "value": 499319957.0,
            "min": 37329955.0,
            "max": 499319957.0,
            "count": 46200
        },
        "TagAgent.Policy.ExtrinsicValueEstimate.mean": {
            "value": -124.5802001953125,
            "min": -467.3321838378906,
            "max": 722.6134033203125,
            "count": 46200
        },
        "TagAgent.Policy.ExtrinsicValueEstimate.sum": {
            "value": -20181.9921875,
            "min": -75707.8125,
            "max": 121399.046875,
            "count": 46200
        },
        "TagAgent.IsTraining.mean": {
            "value": 1.0,
            "min": 1.0,
            "max": 1.0,
            "count": 46200
        },
        "TagAgent.IsTraining.sum": {
            "value": 1.0,
            "min": 1.0,
            "max": 1.0,
            "count": 46200
        },
        "TagAgent.Environment.EpisodeLength.mean": {
            "value": 599.0,
            "min": 23.0,
            "max": 599.0,
            "count": 46199
        },
        "TagAgent.Environment.EpisodeLength.sum": {
            "value": 11980.0,
            "min": 460.0,
            "max": 23960.0,
            "count": 46199
        },
        "TagAgent.Self-play.ELO.mean": {
            "value": -346.19007719035125,
            "min": -364.6506836605424,
            "max": 1059.826367384731,
            "count": 46199
        },
        "TagAgent.Self-play.ELO.sum": {
            "value": -3461.9007719035126,
            "min": -7236.170669716848,
            "max": 21196.527347694617,
            "count": 46199
        },
        "TagAgent.Environment.CumulativeReward.mean": {
            "value": -1085.7489509105683,
            "min": -1256.6378490447999,
            "max": 1259.6587081909179,
            "count": 46199
        },
        "TagAgent.Environment.CumulativeReward.sum": {
            "value": -10857.489509105682,
            "min": -25016.67236328125,
            "max": 25091.637230873108,
            "count": 46199
        },
        "TagAgent.Policy.ExtrinsicReward.mean": {
            "value": -1085.7489509105683,
            "min": -1256.6378490447999,
            "max": 1259.6587081909179,
            "count": 46199
        },
        "TagAgent.Policy.ExtrinsicReward.sum": {
            "value": -10857.489509105682,
            "min": -25016.67236328125,
            "max": 25091.637230873108,
            "count": 46199
        },
        "TagAgent.Losses.PolicyLoss.mean": {
            "value": 0.03456276240370547,
            "min": 0.026235814089886844,
            "max": 0.07191026606208956,
            "count": 22355
        },
        "TagAgent.Losses.PolicyLoss.sum": {
            "value": 0.03456276240370547,
            "min": 0.026235814089886844,
            "max": 0.07191026606208956,
            "count": 22355
        },
        "TagAgent.Losses.ValueLoss.mean": {
            "value": 756.4825248718262,
            "min": 10.421542378266652,
            "max": 17971.06668294271,
            "count": 22355
        },
        "TagAgent.Losses.ValueLoss.sum": {
            "value": 756.4825248718262,
            "min": 10.421542378266652,
            "max": 17971.06668294271,
            "count": 22355
        },
        "TagAgent.Policy.LearningRate.mean": {
            "value": 0.00028502043316319057,
            "min": 0.00028502043316319057,
            "max": 0.00029887963114345634,
            "count": 22355
        },
        "TagAgent.Policy.LearningRate.sum": {
            "value": 0.00028502043316319057,
            "min": 0.00028502043316319057,
            "max": 0.00029887963114345634,
            "count": 22355
        },
        "TagAgent.Policy.Epsilon.mean": {
            "value": 0.19500680939000004,
            "min": 0.19500680939000004,
            "max": 0.19962654359,
            "count": 22355
        },
        "TagAgent.Policy.Epsilon.sum": {
            "value": 0.19500680939000004,
            "min": 0.19500680939000004,
            "max": 0.19962654359,
            "count": 22355
        },
        "TagAgent.Policy.Beta.mean": {
            "value": 0.0005000000000000002,
            "min": 0.0005000000000000002,
            "max": 0.0005000000000000002,
            "count": 22355
        },
        "TagAgent.Policy.Beta.sum": {
            "value": 0.0005000000000000002,
            "min": 0.0005000000000000002,
            "max": 0.0005000000000000002,
            "count": 22355
        }
    },
    "metadata": {
        "timer_format_version": "0.1.0",
        "start_time_seconds": "1764007619",
        "python_version": "3.10.12 | packaged by Anaconda, Inc. | (main, Jul  5 2023, 19:01:18) [MSC v.1916 64 bit (AMD64)]",
        "command_line_arguments": "D:\\Miniconda\\envs\\mlagents\\Scripts\\mlagents-learn Assets/config/tagAgent.yaml --run-id=TagAgent --resume --torch-device cuda:0",
        "mlagents_version": "1.1.0",
        "mlagents_envs_version": "1.1.0",
        "communication_protocol_version": "1.5.0",
        "pytorch_version": "2.2.2+cu121",
        "numpy_version": "1.23.5",
        "end_time_seconds": "1764637259"
    },
    "total": 629631.3986458001,
    "count": 1,
    "self": 10.00676880008541,
    "children": {
        "run_training.setup": {
            "total": 0.09429300000192598,
            "count": 1,
            "self": 0.09429300000192598
        },
        "TrainerController.start_learning": {
            "total": 629621.2975839999,
            "count": 1,
            "self": 633.2256418729667,
            "children": {
                "TrainerController._reset_env": {
                    "total": 19.492248095571995,
                    "count": 4612,
                    "self": 19.492248095571995
                },
                "TrainerController.advance": {
                    "total": 628968.5001326314,
                    "count": 46261118,
                    "self": 564.0151483988157,
                    "children": {
                        "env_step": {
                            "total": 520979.4269893336,
                            "count": 46261118,
                            "self": 219352.83789879055,
                            "children": {
                                "SubprocessEnvManager._take_step": {
                                    "total": 301246.34413777303,
                                    "count": 46261118,
                                    "self": 3446.5263748426223,
                                    "children": {
                                        "TorchPolicy.evaluate": {
                                            "total": 297799.8177629304,
                                            "count": 92399582,
                                            "self": 297799.8177629304
                                        }
                                    }
                                },
                                "workers": {
                                    "total": 380.24495277000824,
                                    "count": 46261117,
                                    "self": 0.0,
                                    "children": {
                                        "worker_root": {
                                            "total": 628670.805366029,
                                            "count": 46261117,