{"count":1,"self":81368.5604352,"total":629619.8289908,"children":{"InitializeActuators":{"count":20,"self":0.0025054,"total":0.0025054,"children":null},"InitializeSensors":{"count":20,"self":0.0015849,"total":0.0015849,"children":null},"AgentSendState":{"count":231003582,"self":1490.0704256,"total":6467.5649026,"children":{"CollectObservations":{"count":924088120,"self":914.39093759999992,"total":914.39096669999992,"children":null},"WriteActionMask":{"count":924088120,"self":327.07174399999997,"total":327.071742,"children":null},"RequestDecision":{"count":924088120,"self":1111.3997312,"total":3736.0317554,"children":{"AgentInfo.ToProto":{"count":924088120,"self":957.4148096,"total":2624.6320296,"children":{"GenerateSensorData":{"count":924088120,"self":1667.2172031999999,"total":1667.2171750999998,"children":null}}}}}}},"DecideAction":{"count":231003582,"self":539908.5318144,"total":539908.52009639994,"children":null},"AgentAct":{"count":231003582,"self":1870.0466176,"total":1870.0465198,"children":null},"AgentInfo.ToProto":{"count":1540020,"self":1.9885104,"total":5.1329061,"children":{"GenerateSensorData":{"count":1540020,"self":3.1443958,"total":3.1443958,"children":null}}}},"gauges":{"TagAgent.CumulativeReward":{"count":1540020,"max":2287.52368,"min":-2287.52368,"runningAverage":-1.5003927E-08,"value":1067.67114,"weightedAverage":149.290878}},"metadata":{"timer_format_version":"0.1.0","start_time_seconds":"1764007626","unity_version":"6000.2.9f1","command_line_arguments":"D:\\UnityHub\\6000.2.9f1\\Editor\\Unity.exe -projectpath D:\\UnityHub\\RLFinal -acceptSoftwareTermsForThisRunOnly -useHub -hubIPC -cloudEnvironment production -licensingIpc LicenseClient-alexk -hubSessionId d7de4c1e-0251-4a2d-9861-e94d5a05b7d5 -accessToken 9tA2P7FCaNs8wJSwdE-hN_tPd5xX8CQtWHLM7Yfu6Mw002f","communication_protocol_version":"1.5.0","com.unity.ml-agents_version":"2.0.2","scene_name":"TagScene1","end_time_seconds":"1764637246"}}