{
    "name": "root",
    "gauges": {
        "TagAgent.Policy.Entropy.mean": {
            "value": 0.22324566543102264,
            "min": 0.06766588985919952,
            "max": 0.5536088943481445,
            "count": 4265
        },
        "TagAgent.Policy.Entropy.sum": {
            "value": 2282.463623046875,
            "min": 652.8405151367188,
            "max": 5540.517578125,
            "count": 4265
        },
        "TagAgent.Step.mean": {
            "value": 238289949.0,
            "min": 195649989.0,
            "max": 238289949.0,
            "count": 4265
        },
        "TagAgent.Step.sum": {
            "value": 238289949.0,
            "min": 195649989.0,
            "max": 238289949.0,
            "count": 4265
        },
        "TagAgent.Policy.ExtrinsicValueEstimate.mean": {
            "value": 120.73612976074219,
            "min": -313.97540283203125,
            "max": 179.14271545410156,
            "count": 4265
        },
        "TagAgent.Policy.ExtrinsicValueEstimate.sum": {
            "value": 20162.93359375,
            "min": -52433.890625,
            "max": 30095.9765625,
            "count": 4265
        },
        "TagAgent.Environment.EpisodeLength.mean": {
            "value": 599.0,
            "min": 599.0,
            "max": 599.0,
            "count": 4265
        },
        "TagAgent.Environment.EpisodeLength.sum": {
            "value": 10782.0,
            "min": 5391.0,
            "max": 10782.0,
            "count": 4265
        },
        "TagAgent.Environment.CumulativeReward.mean": {
            "value": 527.9860608842638,
            "min": -2533.1503533124924,
            "max": 1442.3754174444412,
            "count": 4265
        },
        "TagAgent.Environment.CumulativeReward.sum": {
            "value": 9503.749095916748,
            "min": -44199.03430938721,
            "max": 25958.078313827515,
            "count": 4265
        },
        "TagAgent.Policy.ExtrinsicReward.mean": {
            "value": 527.9860608842638,
            "min": -2533.1503533124924,
            "max": 1442.3754174444412,
            "count": 4265
        },
        "TagAgent.Policy.ExtrinsicReward.sum": {
            "value": 9503.749095916748,
            "min": -44199.03430938721,
            "max": 25958.078313827515,
            "count": 4265
        },
        "TagAgent.IsTraining.mean": {
            "value": 1.0,
            "min": 1.0,
            "max": 1.0,
            "count": 4265
        },
        "TagAgent.IsTraining.sum": {
            "value": 1.0,
            "min": 1.0,
            "max": 1.0,
            "count": 4265
        },
        "TagAgent.Losses.PolicyLoss.mean": {
            "value": 0.03287299220427507,
            "min": 0.026918823198544058,
            "max": 0.04790736931353444,
            "count": 2030
        },
        "TagAgent.Losses.PolicyLoss.sum": {
            "value": 0.03287299220427507,
            "min": 0.026918823198544058,
            "max": 0.04790736931353444,
            "count": 2030
        },
        "TagAgent.Losses.ValueLoss.mean": {
            "value": 7083.8173212811225,
            "min": 3322.09855855306,
            "max": 14195.85993870681,
            "count": 2030
        },
        "TagAgent.Losses.ValueLoss.sum": {
            "value": 7083.8173212811225,
            "min": 3322.09855855306,
            "max": 14195.85993870681,
            "count": 2030
        },
        "TagAgent.Policy.LearningRate.mean": {
            "value": 0.00022851882792706535,
            "min": 0.00022851882792706535,
            "max": 0.00024130155246615559,
            "count": 2030
        },
        "TagAgent.Policy.LearningRate.sum": {
            "value": 0.00022851882792706535,
            "min": 0.00022851882792706535,
            "max": 0.00024130155246615559,
            "count": 2030
        },
        "TagAgent.Policy.Epsilon.mean": {
            "value": 0.17617293469999995,
            "min": 0.17617293469999995,
            "max": 0.1804338443,
            "count": 2030
        },
        "TagAgent.Policy.Epsilon.sum": {
            "value": 0.17617293469999995,
            "min": 0.17617293469999995,
            "max": 0.1804338443,
            "count": 2030
        },
        "TagAgent.Policy.Beta.mean": {
            "value": 0.0005000000000000002,
            "min": 0.0005000000000000002,
            "max": 0.0005000000000000002,
            "count": 2030
        },
        "TagAgent.Policy.Beta.sum": {
            "value": 0.0005000000000000002,
            "min": 0.0005000000000000002,
            "max": 0.0005000000000000002,
            "count": 2030
        }
    },
    "metadata": {
        "timer_format_version": "0.1.0",
        "start_time_seconds": "1765942448",
        "python_version": "3.10.12 | packaged by Anaconda, Inc. | (main, Jul  5 2023, 19:01:18) [MSC v.1916 64 bit (AMD64)]",
        "command_line_arguments": "D:\\Miniconda\\envs\\mlagents\\Scripts\\mlagents-learn Assets/config/tagAgentScripted.yaml --run-id=TagAgentScripted --resume --torch-device cuda:0 --no-graphics",
        "mlagents_version": "1.1.0",
        "mlagents_envs_version": "1.1.0",
        "communication_protocol_version": "1.5.0",
        "pytorch_version": "2.2.2+cu121",
        "numpy_version": "1.23.5",
        "end_time_seconds": "1765990048"
    },
    "total": 47599.2810581,
    "count": 1,
    "self": 10.005541400001675,
    "children": {
        "run_training.setup": {
            "total": 0.08237670000016806,
            "count": 1,
            "self": 0.08237670000016806
        },
        "TrainerController.start_learning": {
            "total": 47589.19314,
            "count": 1,
            "self": 61.59753579512471,
            "children": {
                "TrainerController._reset_env": {
                    "total": 5.6540034000008745,
                    "count": 1,
                    "self": 5.6540034000008745
                },
                "TrainerController.advance": {
                    "total": 47521.867820104875,
                    "count": 4747024,
                    "self": 57.91262371004268,
                    "children": {
                        "env_step": {
                            "total": 37543.874547398606,
                            "count": 4747024,
                            "self": 19934.99616300575,
                            "children": {
                                "SubprocessEnvManager._take_step": {
                                    "total": 17570.830472904407,
                                    "count": 4747024,
                                    "self": 173.37984359739858,
                                    "children": {
                                        "TorchPolicy.evaluate": {
                                            "total": 17397.450629307008,
                                            "count": 4739126,
                                            "self": 17397.450629307008
                                        }
                                    }
                                },
                                "workers": {
                                    "total": 38.047911488447426,
                                    "count": 4747023,
                                    "self": 0.0,
                                    "children": {
                                        "worker_root": {
                                            "total": 47493.53460998843,
                                            "count": 4747023,
                                            "is_parallel": true,
                                            "self": 31215.713859282383,
                                            "children": {
                                                "steps_from_proto": {
                                                    "total": 0.0004842000016651582,
                                                    "count": 1,