{
    "name": "root",
    "gauges": {
        "TagAgent.Policy.Entropy.mean": {
            "value": 0.21361511945724487,
            "min": 0.14274385571479797,
            "max": 0.6159791946411133,
            "count": 3521
        },
        "TagAgent.Policy.Entropy.sum": {
            "value": 2184.0009765625,
            "min": 1459.4132080078125,
            "max": 6186.89501953125,
            "count": 3521
        },
        "TagAgent.Step.mean": {
            "value": 118659981.0,
            "min": 83459950.0,
            "max": 118659981.0,
            "count": 3521
        },
        "TagAgent.Step.sum": {
            "value": 118659981.0,
            "min": 83459950.0,
            "max": 118659981.0,
            "count": 3521
        },
        "TagAgent.Policy.ExtrinsicValueEstimate.mean": {
            "value": -145.8377685546875,
            "min": -400.1243591308594,
            "max": 177.44114685058594,
            "count": 3521
        },
        "TagAgent.Policy.ExtrinsicValueEstimate.sum": {
            "value": -24500.74609375,
            "min": -67220.890625,
            "max": 29632.671875,
            "count": 3521
        },
        "TagAgent.Environment.EpisodeLength.mean": {
            "value": 599.0,
            "min": 598.0,
            "max": 599.0,
            "count": 3521
        },
        "TagAgent.Environment.EpisodeLength.sum": {
            "value": 10782.0,
            "min": 5382.0,
            "max": 10782.0,
            "count": 3521
        },
        "TagAgent.Environment.CumulativeReward.mean": {
            "value": -160.9140318499671,
            "min": -2647.421007156372,
            "max": 1212.1545424991184,
            "count": 3521
        },
        "TagAgent.Environment.CumulativeReward.sum": {
            "value": -2896.452573299408,
            "min": -47653.5781288147,
            "max": 21818.78176498413,
            "count": 3521
        },
        "TagAgent.Policy.ExtrinsicReward.mean": {
            "value": -160.9140318499671,
            "min": -2647.421007156372,
            "max": 1212.1545424991184,
            "count": 3521
        },
        "TagAgent.Policy.ExtrinsicReward.sum": {
            "value": -2896.452573299408,
            "min": -47653.5781288147,
            "max": 21818.78176498413,
            "count": 3521
        },
        "TagAgent.IsTraining.mean": {
            "value": 1.0,
            "min": 1.0,
            "max": 1.0,
            "count": 3521
        },
        "TagAgent.IsTraining.sum": {
            "value": 1.0,
            "min": 1.0,
            "max": 1.0,
            "count": 3521
        },
        "TagAgent.Losses.PolicyLoss.mean": {
            "value": 0.03258657561827118,
            "min": 0.027807066618366454,
            "max": 0.05842757307189873,
            "count": 1676
        },
        "TagAgent.Losses.PolicyLoss.sum": {
            "value": 0.03258657561827118,
            "min": 0.027807066618366454,
            "max": 0.05842757307189873,
            "count": 1676
        },
        "TagAgent.Losses.ValueLoss.mean": {
            "value": 7728.57412347561,
            "min": 3209.892284362297,
            "max": 25315.042627350103,
            "count": 1676
        },
        "TagAgent.Losses.ValueLoss.sum": {
            "value": 7728.57412347561,
            "min": 3209.892284362297,
            "max": 25315.042627350103,
            "count": 1676
        },
        "TagAgent.Policy.LearningRate.mean": {
            "value": 0.00026440624396458927,
            "min": 0.00026440624396458927,
            "max": 0.0002749587449470879,
            "count": 1676
        },
        "TagAgent.Policy.LearningRate.sum": {
            "value": 0.00026440624396458927,
            "min": 0.00026440624396458927,
            "max": 0.0002749587449470879,
            "count": 1676
        },
        "TagAgent.Policy.Epsilon.mean": {
            "value": 0.1881354107,
            "min": 0.1881354107,
            "max": 0.19165291219999997,
            "count": 1676
        },
        "TagAgent.Policy.Epsilon.sum": {
            "value": 0.1881354107,
            "min": 0.1881354107,
            "max": 0.19165291219999997,
            "count": 1676
        },
        "TagAgent.Policy.Beta.mean": {
            "value": 0.0005000000000000002,
            "min": 0.0005000000000000002,
            "max": 0.0005000000000000002,
            "count": 1676
        },
        "TagAgent.Policy.Beta.sum": {
            "value": 0.0005000000000000002,
            "min": 0.0005000000000000002,
            "max": 0.0005000000000000002,
            "count": 1676
        }
    },
    "metadata": {
        "timer_format_version": "0.1.0",
        "start_time_seconds": "1765764160",
        "python_version": "3.10.12 | packaged by Anaconda, Inc. | (main, Jul  5 2023, 19:01:18) [MSC v.1916 64 bit (AMD64)]",
        "command_line_arguments": "D:\\Miniconda\\envs\\mlagents\\Scripts\\mlagents-learn Assets/config/tagAgentScripted.yaml --run-id=TagAgentScripted --resume --torch-device cuda:0 --no-graphics",
        "mlagents_version": "1.1.0",
        "mlagents_envs_version": "1.1.0",
        "communication_protocol_version": "1.5.0",
        "pytorch_version": "2.2.2+cu121",
        "numpy_version": "1.23.5",
        "end_time_seconds": "1765809505"
    },
    "total": 45344.26840349997,
    "count": 1,
    "self": 0.004874899983406067,
    "children": {
        "run_training.setup": {
            "total": 0.08950130001176149,
            "count": 1,
            "self": 0.08950130001176149
        },
        "TrainerController.start_learning": {
            "total": 45344.174027299974,
            "count": 1,
            "self": 55.7708381137345,
            "children": {
                "TrainerController._reset_env": {
                    "total": 14.608260300010443,
                    "count": 1,
                    "self": 14.608260300010443
                },
                "TrainerController.advance": {
                    "total": 45273.7243657863,
                    "count": 3912991,
                    "self": 51.691615196934436,
                    "children": {
                        "env_step": {
                            "total": 35703.02272134961,
                            "count": 3912991,
                            "self": 17951.010267367586,
                            "children": {
                                "SubprocessEnvManager._take_step": {
                                    "total": 17715.491367225768,
                                    "count": 3912992,
                                    "self": 167.1063283677213,
                                    "children": {
                                        "TorchPolicy.evaluate": {
                                            "total": 17548.385038858047,
                                            "count": 3912992,
                                            "self": 17548.385038858047
                                        }
                                    }
                                },
                                "workers": {
                                    "total": 36.52108675625641,
                                    "count": 3912990,
                                    "self": 0.0,
                                    "children": {
                                        "worker_root": {
                                            "total": 45214.57172715949,
                                            "count": 3912990,
                                            "is_parallel": true,
                                            "self": 30857.12986494729,
                                            "children": {
                                                "steps_from_proto": {
                                                    "total": 0.0009871000074781477,
                                                    "count": 2,